{"cameraMode":{"drawMode":0,"name":"Shaded","section":"Shading Mode"},"sceneLighting":false,"audioPlay":false,"sceneViewState":{"m_AlwaysRefresh":false,"showFog":true,"showSkybox":false,"showFlares":true,"showImageEffects":true,"showParticleSystems":true,"showVisualEffectGraphs":true,"m_FxEnabled":true},"in2DMode":false,"pivot":{"x":-0.04285682737827301,"y":0.10191567987203598,"z":-0.03154443949460983},"rotation":{"x":0.13000209629535676,"y":0.5861750841140747,"z":-0.09598754346370697,"w":0.7939127683639526},"size":0.08016826212406159,"orthographic":false}