{"cameraMode":{"drawMode":0,"name":"Shaded","section":"Shading Mode"},"sceneLighting":false,"audioPlay":false,"sceneViewState":{"m_AlwaysRefresh":false,"showFog":false,"showSkybox":false,"showFlares":false,"showImageEffects":false,"showParticleSystems":false,"showVisualEffectGraphs":true,"m_FxEnabled":true},"in2DMode":false,"pivot":{"x":0.052180781960487369,"y":0.7969316244125366,"z":0.06250959634780884},"rotation":{"x":0.047265928238630298,"y":-0.4991704523563385,"z":0.027282308787107469,"w":0.8647855520248413},"size":1.2260618209838868,"orthographic":false}