{"cameraMode":{"drawMode":0,"name":"Shaded","section":"Shading Mode"},"sceneLighting":true,"audioPlay":false,"sceneViewState":{"m_AlwaysRefresh":false,"showFog":true,"showSkybox":true,"showFlares":true,"showImageEffects":true,"showParticleSystems":true,"showVisualEffectGraphs":true,"m_FxEnabled":true},"in2DMode":false,"pivot":{"x":-75.1239013671875,"y":-12.235223770141602,"z":0.19229698181152345},"rotation":{"x":0.044054873287677768,"y":-0.7904982566833496,"z":0.057261209934949878,"w":0.6081967949867249},"size":62.43133544921875,"orthographic":false}