{"cameraMode":{"drawMode":0,"name":"Shaded","section":"Shading Mode"},"sceneLighting":true,"audioPlay":false,"sceneViewState":{"m_AlwaysRefresh":false,"showFog":true,"showSkybox":true,"showFlares":true,"showImageEffects":true,"showParticleSystems":true,"showVisualEffectGraphs":true,"m_FxEnabled":true},"in2DMode":false,"pivot":{"x":0.47183674573898318,"y":-0.7174429297447205,"z":1.128219485282898},"rotation":{"x":-0.029101578518748285,"y":0.9452199935913086,"z":-0.31303638219833376,"w":-0.08787290751934052},"size":2.7958292961120607,"orthographic":false}