{"cameraMode":{"drawMode":0,"name":"Shaded","section":"Shading Mode"},"sceneLighting":true,"audioPlay":false,"sceneViewState":{"m_AlwaysRefresh":false,"showFog":true,"showSkybox":true,"showFlares":true,"showImageEffects":true,"showParticleSystems":true,"showVisualEffectGraphs":true,"m_FxEnabled":true},"in2DMode":false,"pivot":{"x":1.7582263946533204,"y":0.08490180969238281,"z":-5.825118064880371},"rotation":{"x":-0.27398714423179629,"y":0.5809383392333984,"z":-0.21648715436458589,"w":-0.7352380156517029},"size":10.902069091796875,"orthographic":false}