{"cameraMode":{"drawMode":0,"name":"Shaded","section":"Shading Mode"},"sceneLighting":false,"audioPlay":false,"sceneViewState":{"m_AlwaysRefresh":false,"showFog":true,"showSkybox":false,"showFlares":true,"showImageEffects":true,"showParticleSystems":true,"showVisualEffectGraphs":true,"m_FxEnabled":true},"in2DMode":false,"pivot":{"x":0.00006461143493652344,"y":0.29640719294548037,"z":-2.384185791015625e-7},"rotation":{"x":-0.13091769814491273,"y":0.12220558524131775,"z":-0.016263838857412339,"w":-0.9836984276771545},"size":0.38767963647842409,"orthographic":false}