{"cameraMode":{"drawMode":0,"name":"Shaded","section":"Shading Mode"},"sceneLighting":false,"audioPlay":false,"sceneViewState":{"m_AlwaysRefresh":false,"showFog":false,"showSkybox":false,"showFlares":false,"showImageEffects":false,"showParticleSystems":false,"showVisualEffectGraphs":true,"m_FxEnabled":true},"in2DMode":false,"pivot":{"x":-0.05142045021057129,"y":0.895112156867981,"z":0.033806025981903079},"rotation":{"x":0.047265928238630298,"y":-0.4991704523563385,"z":0.027282308787107469,"w":0.8647855520248413},"size":1.6135451793670655,"orthographic":false}