{"cameraMode":{"drawMode":0,"name":"Shaded","section":"Shading Mode"},"sceneLighting":true,"audioPlay":false,"sceneViewState":{"m_AlwaysRefresh":false,"showFog":true,"showSkybox":true,"showFlares":true,"showImageEffects":true,"showParticleSystems":true,"showVisualEffectGraphs":true,"m_FxEnabled":true},"in2DMode":false,"pivot":{"x":6.193113327026367,"y":2.3940188884735109,"z":-1.6682132482528687},"rotation":{"x":-0.12456953525543213,"y":0.8409451246261597,"z":-0.47905054688453677,"w":-0.21867336332798005},"size":6.290256023406982,"orthographic":false}